﻿<?xml version="1.0" encoding="UTF-8"?>
<!-- Copyright 2017 Pieter Geerkes -->
<!-- When debugging, remember to check: Options -> Advanced -> General -> Show_Add-In_user_interface_errors. -->
<mso:customUI xmlns:mso="http://schemas.microsoft.com/office/2009/07/customui" onLoad="OnRibbonLoad">
  <mso:ribbon>
    <mso:tabs>
      <mso:tab id="TabPGSolutions" getLabel="getLabel">
        <mso:group id="BrandingGroup" getLabel="getLabel" getKeytip="getKeytip" getVisible="getVisible">
          <mso:button id="BrandingButton" getImage="getImage"
                      getLabel="getLabel" getKeytip="getKeytip" getScreentip="getScreentip" getSupertip="getSupertip"
                      onAction="onAction" getVisible="getVisible" getEnabled="getEnabled"
                      getSize="getSize" getShowImage="getShowImage" getShowLabel="getShowLabel"
                     />
        </mso:group>
        <mso:group id="Group1" getLabel="getLabel" getKeytip="getKeytip" getVisible="getVisible">
          <mso:dropDown id="Group1Dropdown1"
                        getLabel="getLabel" getKeytip="getKeytip" getScreentip="getScreentip" getSupertip="getSupertip"
                        getVisible="getVisible" getEnabled="getEnabled"
                        getItemCount="getItemCount" getItemID="getItemId" getItemLabel="getItemLabel"
                        getItemScreentip="getItemScreentip" getItemSupertip="getItemSupertip" getItemImage="getItemImage"
                        onAction="onActionDropDown" getSelectedItemID="getSelectedItemID"
                        >
          </mso:dropDown>
          <mso:dropDown id="Group1Dropdown2"
                        getLabel="getLabel" getKeytip="getKeytip" getScreentip="getScreentip" getSupertip="getSupertip"
                        getVisible="getVisible" getEnabled="getEnabled"
                        getItemCount="getItemCount" getItemID="getItemId" getItemLabel="getItemLabel"
                        getItemScreentip="getItemScreentip" getItemSupertip="getItemSupertip" getItemImage="getItemImage"
                        onAction="onActionDropDown" getSelectedItemID="getSelectedItemID"
                        >
          </mso:dropDown>
          <mso:dropDown id="Group1Dropdown3"
                        getLabel="getLabel" getKeytip="getKeytip" getScreentip="getScreentip" getSupertip="getSupertip"
                        getVisible="getVisible" getEnabled="getEnabled"
                        getItemCount="getItemCount" getItemID="getItemId" getItemLabel="getItemLabel"
                        getItemScreentip="getItemScreentip" getItemSupertip="getItemSupertip" getItemImage="getItemImage"
                        onAction="onActionDropDown" getSelectedItemID="getSelectedItemID"
                        >
          </mso:dropDown>
          <mso:button id="Group1Button1" getImage="getImage"
                      getLabel="getLabel" getKeytip="getKeytip" getScreentip="getScreentip" getSupertip="getSupertip"
                      onAction="onAction" getVisible="getVisible" getEnabled="getEnabled"
                      getSize="getSize" getShowImage="getShowImage" getShowLabel="getShowLabel"
                     />
          <mso:button id="Group1Button2" getImage="getImage"
                      getLabel="getLabel" getKeytip="getKeytip" getScreentip="getScreentip" getSupertip="getSupertip"
                      onAction="onAction" getVisible="getVisible" getEnabled="getEnabled"
                      getSize="getSize" getShowImage="getShowImage" getShowLabel="getShowLabel"
                     />
          <mso:button id="Group1Button3" getImage="getImage"
                      getLabel="getLabel" getKeytip="getKeytip" getScreentip="getScreentip" getSupertip="getSupertip"
                      onAction="onAction" getVisible="getVisible" getEnabled="getEnabled"
                      getSize="getSize" getShowImage="getShowImage" getShowLabel="getShowLabel"
                     />
          <mso:checkBox id="Group1Checkbox1"
                        getLabel="getLabel" getKeytip="getKeytip" getScreentip="getScreentip" getSupertip="getSupertip"
                        onAction="onActionToggle" getVisible="getVisible" getEnabled="getEnabled" getPressed="getPressed"
                     />
          <mso:checkBox id="Group1Checkbox2"
                        getLabel="getLabel" getKeytip="getKeytip" getScreentip="getScreentip" getSupertip="getSupertip"
                        onAction="onActionToggle" getVisible="getVisible" getEnabled="getEnabled" getPressed="getPressed"
                     />
          <mso:checkBox id="Group1Checkbox3"
                        getLabel="getLabel" getKeytip="getKeytip" getScreentip="getScreentip" getSupertip="getSupertip"
                        onAction="onActionToggle" getVisible="getVisible" getEnabled="getEnabled" getPressed="getPressed"
                     />
          <mso:toggleButton id="Group1Toggle1" getImage="getImage"
                        getLabel="getLabel" getKeytip="getKeytip" getScreentip="getScreentip" getSupertip="getSupertip"
                        onAction="onActionToggle" getVisible="getVisible" getEnabled="getEnabled" getPressed="getPressed"
                        getSize="getSize" getShowImage="getShowImage" getShowLabel="getShowLabel"
                    />
        </mso:group>
        <mso:group id="Group2" getLabel="getLabel" getKeytip="getKeytip" getVisible="getVisible">
          <mso:box id="CustomButtonsBox1" boxStyle="horizontal" visible="true" >
            <mso:toggleButton id="SizeToggle" getImage="getImage"
                      getLabel="getLabel" getKeytip="getKeytip" getScreentip="getScreentip" getSupertip="getSupertip"
                      onAction="onActionToggle" getVisible="getVisible" getEnabled="getEnabled" getPressed="getPressed"
                      getSize="getSize" getShowImage="getShowImage" getShowLabel="getShowLabel"
                     />
            <!-- Use this DropDown template when the item list will be dynamically defined through callbacks. -->
            <mso:dropDown id="AdvancedDropdown1"
                          getLabel="getLabel" getKeytip="getKeytip" getScreentip="getScreentip" getSupertip="getSupertip"
                          getVisible="getVisible" getEnabled="getEnabled"
                          getItemCount="getItemCount" getItemID="getItemId" getItemLabel="getItemLabel"
                          getItemScreentip="getItemScreentip" getItemSupertip="getItemSupertip" getItemImage="getItemImage"
                          onAction="onActionDropDown" getSelectedItemID="getSelectedItemID"
                          >
            </mso:dropDown>
            <mso:dropDown id="AdvancedDropdown2"
                          getLabel="getLabel" getKeytip="getKeytip" getScreentip="getScreentip" getSupertip="getSupertip"
                          getVisible="getVisible" getEnabled="getEnabled"
                          getItemCount="getItemCount" getItemID="getItemId" getItemLabel="getItemLabel"
                          getItemScreentip="getItemScreentip" getItemSupertip="getItemSupertip" getItemImage="getItemImage"
                          onAction="onActionDropDown" getSelectedItemID="getSelectedItemID"
                          >
            </mso:dropDown>
            <mso:dropDown id="AdvancedDropdown3"
                          getLabel="getLabel" getKeytip="getKeytip" getScreentip="getScreentip" getSupertip="getSupertip"
                          getVisible="getVisible" getEnabled="getEnabled"
                          getItemCount="getItemCount" getItemID="getItemId" getItemLabel="getItemLabel"
                          getItemScreentip="getItemScreentip" getItemSupertip="getItemSupertip" getItemImage="getItemImage"
                          onAction="onActionDropDown" getSelectedItemID="getSelectedItemID"
                          >
            </mso:dropDown>
          </mso:box>
          <mso:box id="CustomButtonsBox2" boxStyle="vertical" visible="true" >
            <mso:button id="AppLaunchButton1" getImage="getImage"
                        getLabel="getLabel" getKeytip="getKeytip" getScreentip="getScreentip" getSupertip="getSupertip"
                        onAction="onAction" getVisible="getVisible" getEnabled="getEnabled"
                        getSize="getSize" getShowImage="getShowImage" getShowLabel="getShowLabel"
                       />
            <mso:button id="AppLaunchButton2" getImage="getImage"
                        getLabel="getLabel" getKeytip="getKeytip" getScreentip="getScreentip" getSupertip="getSupertip"
                        onAction="onAction" getVisible="getVisible" getEnabled="getEnabled"
                        getSize="getSize" getShowImage="getShowImage" getShowLabel="getShowLabel"
                       />
            <mso:button id="AppLaunchButton3" getImage="getImage"
                        getLabel="getLabel" getKeytip="getKeytip" getScreentip="getScreentip" getSupertip="getSupertip"
                        onAction="onAction" getVisible="getVisible" getEnabled="getEnabled"
                        getSize="getSize" getShowImage="getShowImage" getShowLabel="getShowLabel"
                       />
          </mso:box>
        </mso:group>
      </mso:tab>
    </mso:tabs>
  </mso:ribbon>
</mso:customUI>
